{
  "config_current": [
    [
      0.997514865227155,
      0.9983704665080396,
      0.9976720950114849,
      0.9977303618184226
    ]
  ],
  "config_default": [
    [
      0.9978376994458045,
      0.9978376994458045,
      0.9951627369276308,
      0.9951509045871457
    ]
  ]
}